0,Át kell elõbb adni a routnak.,1515362900.92049,0
0,Még én sem tudom.,1515362900.92049,1
2,Valami válasz,1515362900.92049,2
